James,Butt,LA,70116
Josephine,Darakjy,MI,48116
Art,Venere,NJ,8014
Lenna,Paprocki,AK,99501
Donette,Foller,OH,45011
Simona,Morasca,OH,44805
Mitsue,Tollner,IL,60632
Leota,Dilliard,CA,95111
Sage,Wieser,SD,57105
Kris,Marrier,MD,21224
Minna,Amigon,PA,19443
Abel,Maclead,NY,11953
Kiley,Caldarera,CA,90034
Graciela,Ruta,OH,44023
Cammy,Albares,TX,78045
Mattie,Poquette,AZ,85013
Meaghan,Garufi,TN,37110
Gladys,Rim,WI,53207
Yuki,Whobrey,MI,48180
Fletcher,Flosi,IL,61109
Bette,Nicka,PA,19014
Veronika,Inouye,CA,95111
Willard,Kolmetz,TX,75062
Maryann,Royster,NY,12204
Alisha,Slusarski,NJ,8846
Allene,Iturbide,WI,54481
Chanel,Caudy,KS,66218
Ezekiel,Chui,MD,21601
Willow,Kusko,NY,10011
Bernardo,Figeroa,TX,77301
Ammie,Corrio,OH,43215
Francine,Vocelka,NM,88011
Ernie,Stenseth,NJ,7660
Albina,Glick,NJ,8812
Alishia,Sergi,NY,10025
Solange,Shinko,LA,70002
Jose,Stockham,NY,10011
Rozella,Ostrosky,CA,93012
Valentine,Gillian,TX,78204
Kati,Rulapaugh,KS,67410
Youlanda,Schemmer,OR,97754
Dyan,Oldroyd,KS,66204
Roxane,Campain,AK,99708
Lavera,Perin,FL,33196
Erick,Ferencz,AK,99712
Fatima,Saylors,MN,55343
Jina,Briddick,MA,2128
Kanisha,Waycott,CA,90006
Emerson,Bowley,WI,53711
Blair,Malet,PA,19132
Brock,Bolognia,NY,10003
Lorrie,Nestle,TN,37388
Sabra,Uyetake,SC,29201
Marjory,Mastella,PA,19087
Karl,Klonowski,NJ,8822
Tonette,Wenner,NY,11590
Amber,Monarrez,PA,19046
Shenika,Seewald,CA,91405
Delmy,Ahle,RI,2909
Deeanna,Juhas,PA,19006
Blondell,Pugh,RI,2904
Jamal,Vanausdal,NJ,8831
Cecily,Hollack,TX,78731
Carmelina,Lindall,CO,80126
Maurine,Yglesias,WI,53214
Tawna,Buvens,NY,10009
Penney,Weight,AK,99515
Elly,Morocco,PA,16502
Ilene,Eroman,MD,21061
Vallie,Mondella,ID,83707
Kallie,Blackwood,CA,94104
Johnetta,Abdallah,NC,27514
Bobbye,Rhym,CA,94070
Micaela,Rhymes,CA,94520
Tamar,Hoogland,OH,43140
Moon,Parlato,NY,14895
Laurel,Reitler,MD,21215
Delisa,Crupi,NJ,7105
Viva,Toelkes,IL,60647
Elza,Lipke,NJ,7104
Devorah,Chickering,NM,88101
Timothy,Mulqueen,NY,10309
Arlette,Honeywell,FL,32254
Dominque,Dickerson,CA,94545
Lettie,Isenhower,OH,44122
Myra,Munns,TX,76040
Stephaine,Barfield,CA,90247
Lai,Gato,IL,60201
Stephen,Emigh,OH,44302
Tyra,Shields,PA,19106
Tammara,Wardrip,CA,94010
Cory,Gibes,CA,91776
Danica,Bruschke,TX,76708
Wilda,Giguere,AK,99501
Elvera,Benimadho,CA,95110
Carma,Vanheusen,CA,94577
Malinda,Hochard,IN,46202
Natalie,Fern,WY,82901
Lisha,Centini,VA,22102
Arlene,Klusman,LA,70112
Alease,Buemi,CO,80303
Louisa,Cronauer,CA,94577
Angella,Cetta,HI,96817
Cyndy,Goldammer,MN,55337
Rosio,Cork,NC,27263
Celeste,Korando,NY,11563
Twana,Felger,OR,97224
Estrella,Samu,WI,53511
Donte,Kines,MA,1602
Tiffiny,Steffensmeier,FL,33133
Edna,Miceli,PA,16502
Sue,Kownacki,TX,75149
Jesusa,Shin,TN,37388
Rolland,Francescon,NJ,7501
Pamella,Schmierer,FL,33030
Glory,Kulzer,MD,21117
Shawna,Palaspas,CA,91362
Brandon,Callaro,HI,96819
Scarlet,Cartan,GA,31701
Oretha,Menter,MA,2210
Ty,Smith,NJ,7601
Xuan,Rochin,CA,94403
Lindsey,Dilello,CA,91761
Devora,Perez,CA,94606
Herman,Demesa,NY,12180
Rory,Papasergi,PA,18411
Talia,Riopelle,NJ,7050
Van,Shire,NJ,8867
Lucina,Lary,FL,32922
Bok,Isaacs,NY,10468
Rolande,Spickerman,HI,96782
Howard,Paulas,CO,80231
Kimbery,Madarang,NJ,7866
Thurman,Manno,NJ,8201
Becky,Mirafuentes,NJ,7062
Beatriz,Corrington,MA,2346
Marti,Maybury,IL,60638
Nieves,Gotter,OR,97202
Leatha,Hagele,TX,75227
Valentin,Klimek,IL,60604
Melissa,Wiklund,OH,45840
Sheridan,Zane,CA,92501
Bulah,Padilla,TX,76707
Audra,Kohnert,TN,37211
Daren,Weirather,WI,53216
Fernanda,Jillson,MD,21655
Gearldine,Gellinger,TX,75061
Chau,Kitzman,CA,90212
Theola,Frey,NY,11758
Cheryl,Haroldson,NJ,8401
Laticia,Merced,OH,45203
Carissa,Batman,OR,97401
Lezlie,Craghead,NC,27577
Ozell,Shealy,NY,10002
Arminda,Parvis,AZ,85017
Reita,Leto,IN,46240
Yolando,Luczki,NY,13214
Lizette,Stem,NJ,8002
Gregoria,Pawlowicz,NY,11530
Carin,Deleo,AR,72202
Chantell,Maynerich,MN,55101
Dierdre,Yum,PA,19134
Larae,Gudroe,LA,70360
Latrice,Tolfree,NY,11779
Kerry,Theodorov,CA,95827
Dorthy,Hidvegi,ID,83704
Fannie,Lungren,TX,78664
Evangelina,Radde,PA,19123
Novella,Degroot,HI,96720
Clay,Hoa,NV,89502
Jennifer,Fallick,IL,60090
Irma,Wolfgramm,NJ,7869
Eun,Coody,SC,29301
Sylvia,Cousey,MD,21074
Nana,Wrinkles,NY,10553
Layla,Springe,NY,10011
Joesph,Degonia,CA,94710
Annabelle,Boord,MA,1742
Stephaine,Vinning,CA,94104
Nelida,Sawchuk,NJ,7652
Marguerita,Hiatt,CA,94561
Carmela,Cookey,IL,60623
Junita,Brideau,NJ,7009
Claribel,Varriano,OH,43551
Benton,Skursky,CA,90248
Hillary,Skulski,FL,34448
Merilyn,Bayless,CA,95054
Teri,Ennaco,PA,18201
Merlyn,Lawler,NJ,7304
Georgene,Montezuma,CA,94583
Jettie,Mconnell,NJ,8807
Lemuel,Latzke,NY,11716
Melodie,Knipp,CA,91362
Candida,Corbley,NJ,8876
Karan,Karpin,OR,97005
Andra,Scheyer,OR,97302
Felicidad,Poullion,NJ,8077
Belen,Strassner,GA,30135
Gracia,Melnyk,FL,32216
Jolanda,Hanafan,ME,4401
Barrett,Toyama,TX,76060
Helga,Fredicks,NY,14228
Ashlyn,Pinilla,FL,33054
Fausto,Agramonte,NY,10038
Ronny,Caiafa,PA,19103
Marge,Limmel,FL,32536
Norah,Waymire,CA,94107
Aliza,Baltimore,CA,95132
Mozell,Pelkowski,CA,94080
Viola,Bitsuie,CA,91325
Franklyn,Emard,PA,19103
Willodean,Konopacki,LA,70506
Beckie,Silvestrini,MI,48126
Rebecka,Gesick,TX,78754
Frederica,Blunk,TX,75207
Glen,Bartolet,WA,98070
Freeman,Gochal,PA,19320
Vincent,Meinerding,PA,19143
Rima,Bevelacqua,CA,90248
Glendora,Sarbacher,CA,94928
Avery,Steier,FL,32803
Cristy,Lother,CA,92025
Nicolette,Brossart,MA,1581
Tracey,Modzelewski,TX,77301
Virgina,Tegarden,WI,53226
Tiera,Frankel,CA,91731
Alaine,Bergesen,NY,10701
Earleen,Mai,TX,75227
Leonida,Gobern,MS,39530
Ressie,Auffrey,FL,33134
Justine,Mugnolo,NY,10048
Eladia,Saulter,NJ,7446
Chaya,Malvin,MI,48103
Gwenn,Suffield,NY,11729
Salena,Karpel,OH,44707
Yoko,Fishburne,CT,6511
Taryn,Moyd,VA,22030
Katina,Polidori,MA,1887
Rickie,Plumer,OH,43613
Alex,Loader,WA,98409
Lashon,Vizarro,CA,95661
Lauran,Burnard,WY,82501
Ceola,Setter,ME,4864
My,Rantanen,PA,18954
Lorrine,Worlds,FL,33614
Peggie,Sturiale,CA,92020
Marvel,Raymo,TX,77840
Daron,Dinos,IL,60035
An,Fritz,NJ,8401
Portia,Stimmel,NJ,8807
Rhea,Aredondo,NY,11226
Benedict,Sama,MO,63104
Alyce,Arias,CA,95207
Heike,Berganza,NJ,7424
Carey,Dopico,IN,46220
Dottie,Hellickson,WA,98133
Deandrea,Hughey,NC,27215
Kimberlie,Duenas,KS,67601
Martina,Staback,FL,32822
Skye,Fillingim,MN,55401
Jade,Farrar,SC,29201
Charlene,Hamilton,CA,95407
Geoffrey,Acey,IL,60067
Stevie,Westerbeck,CA,92626
Pamella,Fortino,CO,80212
Harrison,Haufler,CT,6515
Johnna,Engelberg,WA,98021
Buddy,Cloney,OH,44136
Dalene,Riden,NH,3865
Jerry,Zurcher,FL,32937
Haydee,Denooyer,NY,10016
Joseph,Cryer,CA,92647
Deonna,Kippley,MI,48075
Raymon,Calvaresi,IN,46222
Alecia,Bubash,TX,76301
Ma,Layous,CT,6473
Detra,Coyier,MD,21001
Terrilyn,Rodeigues,LA,70130
Salome,Lacovara,VA,23219
Garry,Keetch,PA,18966
Matthew,Neither,MN,55379
Theodora,Restrepo,FL,33136
Noah,Kalafatis,WI,53209
Carmen,Sweigard,NJ,8873
Lavonda,Hengel,ND,58102
Junita,Stoltzman,NV,89701
Herminia,Nicolozakes,AZ,85254
Casie,Good,TN,37211
Reena,Maisto,MD,21801
Mirta,Mallett,NY,10004
Cathrine,Pontoriero,TX,79109
Filiberto,Tawil,CA,90016
Raul,Upthegrove,CA,91942
Sarah,Candlish,GA,30328
Lucy,Treston,MA,1602
Judy,Aquas,MI,49120
Yvonne,Tjepkema,NJ,7004
Kayleigh,Lace,LA,70508
Felix,Hirpara,PA,17517
Tresa,Sweely,MO,63088
Kristeen,Turinetti,TX,76013
Jenelle,Regusters,FL,33619
Renea,Monterrubio,GA,30328
Olive,Matuszak,CA,92234
Ligia,Reiber,MI,48933
Christiane,Eschberger,AZ,85034
Goldie,Schirpke,ME,4401
Loreta,Timenez,MD,20735
Fabiola,Hauenstein,PA,17404
Amie,Perigo,TX,75150
Raina,Brachle,MT,59701
Erinn,Canlas,NJ,7039
Cherry,Lietz,MI,48329
Kattie,Vonasek,OH,44103
Lilli,Scriven,TX,79601
Whitley,Tomasulo,TX,76107
Barbra,Adkin,NY,11230
Hermila,Thyberg,RI,2903
Jesusita,Flister,PA,17601
Caitlin,Julia,RI,2919
Roosevelt,Hoffis,FL,33014
Helaine,Halter,NJ,7304
Lorean,Martabano,TX,78204
France,Buzick,NY,11219
Justine,Ferrario,CA,91768
Adelina,Nabours,OH,44103
Derick,Dhamer,NY,10013
Jerry,Dallen,VA,23219
Leota,Ragel,GA,30753
Jutta,Amyot,LA,70518
Aja,Gehrett,NJ,7110
Kirk,Herritt,NY,13850
Leonora,Mauson,NJ,7055
Winfred,Brucato,ID,83843
Tarra,Nachor,CA,94104
Corinne,Loder,MA,2760
Dulce,Labreche,MI,48307
Kate,Keneipp,WI,54301
Kaitlyn,Ogg,MD,21230
Sherita,Saras,CO,80937
Lashawnda,Stuer,OH,43607
Ernest,Syrop,MD,20785
Nobuko,Halsey,MA,2745
Lavonna,Wolny,VA,22102
Lashaunda,Lizama,MD,21076
Mariann,Bilden,TX,78753
Helene,Rodenberger,AZ,85381
Roselle,Estell,OH,44820
Samira,Heintzman,WA,98032
Margart,Meisel,OH,45251
Kristofer,Bennick,IN,47404
Weldon,Acuff,IL,60004
Shalon,Shadrick,NY,11223
Denise,Patak,FL,32801
Louvenia,Beech,CA,90210
Audry,Yaw,FL,33511
Kristel,Ehmann,TX,79925
Vincenza,Zepp,CA,92020
Elouise,Gwalthney,MD,20710
Venita,Maillard,CA,92801
Kasandra,Semidey,MO,63102
Xochitl,Discipio,TX,78664
Maile,Linahan,NC,27409
Krissy,Rauser,NY,11727
Pete,Dubaldi,NJ,7071
Linn,Paa,TN,38112
Paris,Wide,GA,30342
Wynell,Dorshorst,CA,94044
Quentin,Birkner,MN,55337
Regenia,Kannady,AZ,85260
Sheron,Louissant,NY,11101
Izetta,Funnell,GA,30340
Rodolfo,Butzen,MN,55057
Zona,Colla,CT,6854
Serina,Zagen,IN,46802
Paz,Sahagun,MS,39307
Markus,Lukasik,MI,48310
Jaclyn,Bachman,CO,80919
Cyril,Daufeldt,NY,10013
Gayla,Schnitzler,CA,94545
Erick,Nievas,IL,60624
Jennie,Drymon,PA,18509
Mitsue,Scipione,CA,95965
Ciara,Ventura,NY,12771
Galen,Cantres,OH,44142
Truman,Feichtner,NJ,7003
Gail,Kitty,AK,99501
Dalene,Schoeneck,PA,19102
Gertude,Witten,OH,45217
Lizbeth,Kohl,CA,90248
Glenn,Berray,IA,50315
Lashandra,Klang,PA,19406
Lenna,Newville,NC,27601
Laurel,Pagliuca,WA,99352
Mireya,Frerking,NY,10803
Annelle,Tagala,MD,21234
Dean,Ketelsen,NY,11801
Levi,Munis,MA,1603
Sylvie,Ryser,OK,74105
Sharee,Maile,MI,49442
Cordelia,Storment,LA,70506
Mollie,Mcdoniel,OH,43402
Brett,Mccullan,CA,91942
Teddy,Pedrozo,CT,6610
Tasia,Andreason,NJ,7032
Hubert,Walthall,OH,44203
Arthur,Farrow,NJ,7631
Vilma,Berlanga,MI,49546
Billye,Miro,MS,39208
Glenna,Slayton,TN,38118
Mitzie,Hudnall,CO,80110
Bernardine,Rodefer,TN,38112
Staci,Schmaltz,CA,91106
Nichelle,Meteer,IL,60657
Janine,Rhoden,NY,11103
Ettie,Hoopengardner,WA,99352
Eden,Jayson,MD,21202
Lynelle,Auber,NJ,7104
Merissa,Tomblin,CA,90706
Golda,Kaniecki,NJ,8755
Catarina,Gleich,NJ,7834
Virgie,Kiel,CO,80216
Jolene,Ostolaza,VA,23608
Keneth,Borgman,AZ,85012
Rikki,Nayar,FL,33155
Elke,Sengbusch,AZ,85013
Hoa,Sarao,FL,32759
Trinidad,Mcrae,CA,94105
Mari,Lueckenbach,CA,92110
Selma,Husser,NJ,7306
Antione,Onofrio,CA,92410
Luisa,Jurney,MA,2138
Clorinda,Heimann,CA,92025
Dick,Wenzinger,CA,90248
Ahmed,Angalich,PA,17110
Iluminada,Ohms,AZ,85204
Joanna,Leinenbach,FL,33461
Caprice,Suell,TN,37211
Stephane,Myricks,KY,41005
Quentin,Swayze,MI,48160
Annmarie,Castros,TX,77301
Shonda,Greenbush,NJ,7011
Cecil,Lapage,NJ,7087
Jeanice,Claucherty,FL,33142
Josphine,Villanueva,TN,38575
Daniel,Perruzza,CA,92705
Cassi,Wildfong,IL,60008
Britt,Galam,PA,19440
Adell,Lipkin,NJ,7981
Jacqueline,Rowling,PA,16501
Lonny,Weglarz,UT,84115
Lonna,Diestel,NC,28301
Cristal,Samara,CA,90021
Kenneth,Grenet,MI,48823
Elli,Mclaird,NY,13501
Alline,Jeanty,IN,46601
Sharika,Eanes,FL,32806
Nu,Mcnease,NJ,7029
Daniela,Comnick,NJ,8611
Cecilia,Colaizzo,WI,53717
Leslie,Threets,NY,10536
Nan,Koppinger,NC,27401
Izetta,Dewar,MD,21217
Tegan,Arceo,NJ,8831
Ruthann,Keener,TX,78028
Joni,Breland,IL,60007
Vi,Rentfro,NJ,7728
Colette,Kardas,NE,68124
Malcolm,Tromblay,VA,22003
Ryan,Harnos,TX,75075
Jess,Chaffins,NY,10016
Sharen,Bourbon,NY,11791
Nickolas,Juvera,FL,34429
Gary,Nunlee,IN,46040
Diane,Devreese,MO,64504
Roslyn,Chavous,MS,39211
Glory,Schieler,TX,79602
Rasheeda,Sayaphon,CA,95070
Alpha,Palaia,NJ,8003
Refugia,Jacobos,CA,94545
Shawnda,Yori,FL,32750
Mona,Delasancha,WY,82001
Gilma,Liukko,NY,11530
Janey,Gabisi,WI,53715
Lili,Paskin,NJ,7032
Loren,Asar,PA,18518
Dorothy,Chesterfield,CA,92126
Gail,Similton,CA,92276
Catalina,Tillotson,NJ,8402
Lawrence,Lorens,RI,2906
Carlee,Boulter,KS,67410
Thaddeus,Ankeny,CA,95678
Jovita,Oles,FL,32114
Alesia,Hixenbaugh,DC,20001
Lai,Harabedian,CA,94945
Brittni,Gillaspie,ID,83709
Raylene,Kampa,IN,46514
Flo,Bookamer,NE,69301
Jani,Biddy,WA,98104
Chauncey,Motley,FL,32804
